{"stats":{"minecraft:killed_by":{"minecraft:creeper":1},"minecraft:custom":{"minecraft:time_since_rest":3801,"minecraft:crouch_one_cm":703,"minecraft:play_one_minute":7366,"minecraft:damage_taken":355,"minecraft:sprint_one_cm":8028,"minecraft:deaths":1,"minecraft:walk_one_cm":13810,"minecraft:sneak_time":300,"minecraft:mob_kills":1,"minecraft:jump":102,"minecraft:damage_dealt":212,"minecraft:leave_game":2,"minecraft:time_since_death":3763,"minecraft:fall_one_cm":3880,"minecraft:fly_one_cm":7725},"minecraft:mined":{"minecraft:grass":3,"minecraft:grass_block":2,"minecraft:oak_log":3,"minecraft:dirt":2,"minecraft:oak_leaves":4},"minecraft:used":{"minecraft:dirt":3,"minecraft:beef":1},"minecraft:picked_up":{"minecraft:stick":1,"minecraft:rotten_flesh":1,"minecraft:leather":2,"minecraft:beef":2,"minecraft:oak_log":4,"minecraft:oak_sapling":1,"minecraft:dirt":20},"minecraft:killed":{"minecraft:cow":1}},"DataVersion":2586}