{"stats":{"minecraft:killed_by":{"minecraft:creeper":1},"minecraft:custom":{"minecraft:time_since_rest":534,"minecraft:play_one_minute":4099,"minecraft:crouch_one_cm":543,"minecraft:deaths":1,"minecraft:sprint_one_cm":7558,"minecraft:damage_taken":235,"minecraft:walk_one_cm":8172,"minecraft:sneak_time":113,"minecraft:mob_kills":1,"minecraft:jump":81,"minecraft:damage_dealt":212,"minecraft:leave_game":1,"minecraft:time_since_death":496,"minecraft:fall_one_cm":685,"minecraft:fly_one_cm":6169},"minecraft:mined":{"minecraft:grass":3,"minecraft:grass_block":2,"minecraft:oak_log":1,"minecraft:dirt":2},"minecraft:used":{"minecraft:dirt":3},"minecraft:picked_up":{"minecraft:stick":1,"minecraft:rotten_flesh":1,"minecraft:leather":2,"minecraft:beef":2,"minecraft:oak_log":2,"minecraft:oak_sapling":1,"minecraft:dirt":20},"minecraft:killed":{"minecraft:cow":1}},"DataVersion":2586}